№,Символ,,,,,,,,,,,,,,,,,K,L,,M,,,N,,,,O,,,,P,,,Q,Металлы,,,,,,,,,,,,,,,,,
,,,,,,,,,,,,,,,,,,s,s,p,s,p,d,s,p,d,f,s,p,d,f,s,p,d,s,,,,,,,,,,,,,,,,,,
,,Название,Латинское название,Как читается,Спектр,"
Период","
Группа","Атомная масса
(г/моль)","Плотность,
г/см³
(при 20 °C)","Температура 
плавления
(°C)","Температура 
кипения 
(°C)","Удельное 
электрическое 
сопротивление","Электрическая 
проводимость","Магнитная 
проницаемость",p,n,e,1,2,,3,,,4,,,,5,,,,6,,,7,Металлы,Щелочные,Щелочноземельные,Переходные,Парамагнетики,Ферримагнетики,Ферромагнетики,Лантаноиды,Актиноиды,Диамагнетики,Полуметаллы,Неметаллы,Антиферромагнетики,Пниктогены,Халькогены,Галогены,Инертный газ,Редкоземельные
1,H,Водород,Hydrogenium,Аш,,1,1,"1,00794","0,084","-259,1","-252,9",,,,1,0,1,1,0,0,0,0,0,0,0,0,0,0,0,0,0,0,0,0,0,0,0,0,0,0,0,0,0,0,1,0,1,0,0,0,0,0,0
2,He,Гелий,Helium,Гелий,,1,18,"4,002602","0,17","-272,2","-268,9",,,,2,2,2,2,0,0,0,0,0,0,0,0,0,0,0,0,0,0,0,0,0,0,0,0,0,0,0,0,0,0,0,0,1,0,0,0,0,1,0
3,Li,Литий,Lithium,Литий,,2,1,"6,941","0,53","180,5",1317,,,,3,4,3,2,1,0,0,0,0,0,0,0,0,0,0,0,0,0,0,0,0,1,1,0,0,1,0,0,0,0,0,0,0,0,0,0,0,0,0
4,Be,Бериллий,Beryllium,Бериллий,,2,2,"9,012182","1,85",1278,2970,,,,4,5,4,2,2,0,0,0,0,0,0,0,0,0,0,0,0,0,0,0,0,1,0,1,0,0,0,0,0,0,0,0,0,0,0,0,0,0,0
5,B,Бор,Borum,Бор,,2,13,"10,811","2,46",2300,2550,,,,5,6,5,2,2,1,0,0,0,0,0,0,0,0,0,0,0,0,0,0,0,1,0,0,0,0,0,0,0,0,0,1,1,0,0,0,0,0,0
6,C,Углерод,Carboneum,Цэ,,2,14,"12,0107","3,51",3550,4827,,,,6,6,6,2,2,2,0,0,0,0,0,0,0,0,0,0,0,0,0,0,0,0,0,0,0,0,0,0,0,0,0,0,1,0,0,0,0,0,0
7,N,Азот,Nitrogenium,Эн,,2,15,"14,0067","1,17 г/л","-209,9","-195,8",,,,7,7,7,2,2,3,0,0,0,0,0,0,0,0,0,0,0,0,0,0,0,0,0,0,0,0,0,0,0,0,1,0,1,0,1,0,0,0,0
8,O,Кислород,Oxygenium,О,,2,16,"15,9994","1,33 г/л","-218,4","-182,9",,,,8,8,8,2,2,4,0,0,0,0,0,0,0,0,0,0,0,0,0,0,0,0,0,0,0,0,0,0,0,0,0,0,1,0,0,1,0,0,0
9,F,Фтор,Fluorum,Фтор,,2,17,"18,9984032","1,58 г/л","-219,6","-188,1",,,,9,10,9,2,2,5,0,0,0,0,0,0,0,0,0,0,0,0,0,0,0,0,0,0,0,0,0,0,0,0,0,0,1,0,0,0,1,0,0
10,Ne,Неон,Neon,Неон,,2,18,"20,1797","0,84 г/л","-248,7","-246,1",,,,10,10,10,2,2,6,0,0,0,0,0,0,0,0,0,0,0,0,0,0,0,0,0,0,0,0,0,0,0,0,0,0,1,0,0,0,0,1,0
11,Na,Натрий,Natrium,Натрий,,3,1,"22,98976928","0,97","97,8",892,,,,11,12,11,2,2,6,1,0,0,0,0,0,0,0,0,0,0,0,0,0,0,1,1,0,0,1,0,0,0,0,0,0,0,0,0,0,0,0,0
12,Mg,Магний,Magnesium,Магний,,3,2,"24,305","1,74","648,8",1107,,,,12,12,12,2,2,6,2,0,0,0,0,0,0,0,0,0,0,0,0,0,0,1,0,1,0,1,0,0,0,0,0,0,0,0,0,0,0,0,0
13,Al,Алюминий,Aluminium,Алюминий,,3,13,"26,9815386","2,70","660,5",2467,,,,13,14,13,2,2,6,2,1,0,0,0,0,0,0,0,0,0,0,0,0,0,1,0,0,0,1,0,0,0,0,0,0,0,0,0,0,0,0,0
14,Si,Кремний,Silicium,Силициум,,3,14,"28,0855","2,33",1410,2355,,,,14,14,14,2,2,6,2,2,0,0,0,0,0,0,0,0,0,0,0,0,0,1,0,0,0,0,0,0,0,0,1,1,1,0,0,0,0,0,0
15,P,Фосфор,Phosphorus,Пэ,,3,15,"30,973762","1,82",44 (P4),280 (P4),,,,15,16,15,2,2,6,2,3,0,0,0,0,0,0,0,0,0,0,0,0,0,0,0,0,0,0,0,0,0,0,1,0,1,0,1,0,0,0,0
16,S,Сера,"Sulfur, Sulphur",Эс,,3,16,"32,065","2,06",113,"444,7",,,,16,16,16,2,2,6,2,4,0,0,0,0,0,0,0,0,0,0,0,0,0,0,0,0,0,0,0,0,0,0,0,0,1,0,0,1,0,0,0
17,Cl,Хлор,Chlorum,Хлор,,3,17,"35,453","2,95 г/л",-101,"-34,6",,,,17,18,17,2,2,6,2,5,0,0,0,0,0,0,0,0,0,0,0,0,0,0,0,0,0,0,0,0,0,0,0,0,1,0,0,0,1,0,0
18,Ar,Аргон,Argon,Аргон,,3,18,"39,948","1,66 г/л","-189,4","-185,9",,,,18,22,18,2,2,6,2,6,0,0,0,0,0,0,0,0,0,0,0,0,0,0,0,0,0,0,0,0,0,0,0,0,1,0,0,0,0,1,0
19,K,Калий,"Kalium, Calium",Калий,,4,1,"39,0983","0,86","63,7",774,,,,19,20,19,2,2,6,2,6,0,1,0,0,0,0,0,0,0,0,0,0,0,1,1,0,0,0,0,0,0,0,0,0,0,0,0,0,0,0,0
20,Ca,Кальций,Calcium,Кальций,,4,2,"40,078","1,54",839,1487,,,,20,20,20,2,2,6,2,6,0,2,0,0,0,0,0,0,0,0,0,0,0,1,0,1,0,0,0,0,0,0,0,0,0,0,0,0,0,0,0
21,Sc,Скандий,Scandium,Скандий,,4,3,"44,955912","2,99",1539,2832,,,,21,24,21,2,2,6,2,6,1,2,0,0,0,0,0,0,0,0,0,0,0,1,0,0,1,0,0,0,0,0,0,0,0,0,0,0,0,0,1
22,Ti,Титан,Titanium,Титан,,4,4,"47,867","4,51",1660,3260,,,,22,26,22,2,2,6,2,6,2,2,0,0,0,0,0,0,0,0,0,0,0,1,0,0,1,0,0,0,0,0,0,0,0,0,0,0,0,0,0
23,V,Ванадий,Vanadium,Ванадий,,4,5,"50,9415","6,09",1890,3380,,,,23,28,23,2,2,6,2,6,3,2,0,0,0,0,0,0,0,0,0,0,0,1,0,0,1,0,0,0,0,0,0,0,0,0,0,0,0,0,0
24,Cr,Хром,Chromium,Хром,,4,6,"51,9961","7,14",1857,2482,,,,24,28,24,2,2,6,2,6,4,1,0,0,0,0,0,0,0,0,0,0,0,1,0,0,1,0,0,0,0,0,0,0,0,0,0,0,0,0,0
25,Mn,Марганец,"Manganum,
Manganesium",Марганец,,4,7,"54,938045","7,44",1244,2097,,,,25,30,25,2,2,6,2,6,5,2,0,0,0,0,0,0,0,0,0,0,0,1,0,0,1,0,0,0,0,0,0,0,0,0,0,0,0,0,0
26,Fe,Железо,Ferrum,Феррум,,4,8,"55,845","7,87",1535,2750,,,,26,30,26,2,2,6,2,6,6,2,0,0,0,0,0,0,0,0,0,0,0,1,0,0,1,0,1,1,0,0,0,0,0,0,0,0,0,0,0
27,Co,Кобальт,Cobaltum,Кобальт,,4,9,"58,933195","8,89",1495,2870,,,,27,32,27,2,2,6,2,6,7,2,0,0,0,0,0,0,0,0,0,0,0,1,0,0,1,0,0,1,0,0,0,0,0,0,0,0,0,0,0
28,Ni,Никель,Niccolum,Никель,,4,10,"58,6934","8,91",1453,2732,,,,28,31,28,2,2,6,2,6,8,2,0,0,0,0,0,0,0,0,0,0,0,1,0,0,1,0,0,1,0,0,0,0,0,0,0,0,0,0,0
29,Cu,Медь,Cuprum,Купрум,,4,11,"63,546","8,92","1083,5",2595,,,,29,35,29,2,2,6,2,6,10,1,0,0,0,0,0,0,0,0,0,0,0,1,0,0,1,0,0,0,0,0,1,0,0,0,0,0,0,0,0
30,Zn,Цинк,Zincum,Цинк,,4,12,"65,409","7,14","419,6",907,,,,30,35,30,2,2,6,2,6,10,2,0,0,0,0,0,0,0,0,0,0,0,1,0,0,1,0,0,0,0,0,1,0,0,0,0,0,0,0,0
31,Ga,Галлий,Gallium,Галлий,,4,13,"69,723","5,91","29,8",2403,,,,31,39,31,2,2,6,2,6,10,2,1,0,0,0,0,0,0,0,0,0,0,1,0,0,0,0,0,0,0,0,0,0,0,0,0,0,0,0,0
32,Ge,Германий,Germanium,Германий,,4,14,"72,64","5,32","937,4",2830,,,,32,41,32,2,2,6,2,6,10,2,2,0,0,0,0,0,0,0,0,0,0,1,0,0,0,0,0,0,0,0,1,1,0,0,0,0,0,0,0
33,As,Мышьяк,Arsenicum,Арсеникум,,4,15,"74,9216","5,72",613,613,,,,33,42,33,2,2,6,2,6,10,2,3,0,0,0,0,0,0,0,0,0,0,1,0,0,0,0,0,0,0,0,0,1,1,0,1,0,0,0,0
34,Se,Селен,Selenium,Селен,,4,16,"78,96","4,82",217,685,,,,34,45,34,2,2,6,2,6,10,2,4,0,0,0,0,0,0,0,0,0,0,0,0,0,0,0,0,0,0,0,0,0,1,0,0,1,0,0,0
35,Br,Бром,Bromum,Бром,,4,17,"79,904","3,14","-7,3","58,8",,,,35,45,35,2,2,6,2,6,10,2,5,0,0,0,0,0,0,0,0,0,0,0,0,0,0,0,0,0,0,0,0,0,1,0,0,0,1,0,0
36,Kr,Криптон,"Krypton, Crypton",Криптон,,4,18,"83,798","3,48 г/л","-156,6","-152,3",,,,36,48,36,2,2,6,2,6,10,2,6,0,0,0,0,0,0,0,0,0,0,0,0,0,0,0,0,0,0,0,0,0,1,0,0,0,0,1,0
37,Rb,Рубидий,Rubidium,Рубидий,,5,1,"85,4678","1,53",39,688,,,,37,48,37,2,2,6,2,6,10,2,6,0,0,1,0,0,0,0,0,0,0,1,1,0,0,0,0,0,0,0,0,0,0,0,0,0,0,0,0
38,Sr,Стронций,Strontium,Стронций,,5,2,"87,62","2,63",769,1384,,,,38,50,38,2,2,6,2,6,10,2,6,0,0,2,0,0,0,0,0,0,0,1,0,1,0,0,0,0,0,0,0,0,0,0,0,0,0,0,0
39,Y,Иттрий,Yttrium,Иттрий,,5,3,"88,90585","4,47",1523,3337,,,,39,50,39,2,2,6,2,6,10,2,6,1,0,2,0,0,0,0,0,0,0,1,0,0,1,0,0,0,0,0,0,0,0,0,0,0,0,0,1
40,Zr,Цирконий,Zirconium,Цирконий,,5,4,"91,224","6,51",1852,4377,,,,40,51,40,2,2,6,2,6,10,2,6,2,0,2,0,0,0,0,0,0,0,1,0,0,1,0,0,0,0,0,0,0,0,0,0,0,0,0,0
41,Nb,Ниобий,Niobium,Ниобий,,5,5,"92,90638","8,58",2468,4927,,,,41,52,41,2,2,6,2,6,10,2,6,4,0,1,0,0,0,0,0,0,0,1,0,0,1,0,0,0,0,0,0,0,0,0,0,0,0,0,0
42,Mo,Молибден,Molybdaenum,Молибден,,5,6,"95,94","10,28",2617,5560,,,,42,54,42,2,2,6,2,6,10,2,6,5,0,1,0,0,0,0,0,0,0,1,0,0,1,0,0,0,0,0,0,0,0,0,0,0,0,0,0
43,Tc,Технеций,Technetium,Технеций,,5,7,"98,9063","11,49",2172,5030,,,,43,56,43,2,2,6,2,6,10,2,6,5,0,2,0,0,0,0,0,0,0,1,0,0,1,0,0,0,0,0,0,0,0,0,0,0,0,0,0
44,Ru,Рутений,Ruthenium,Рутений,,5,8,"101,07","12,45",2310,3900,,,,44,57,44,2,2,6,2,6,10,2,6,7,0,1,0,0,0,0,0,0,0,1,0,0,1,0,0,0,0,0,0,0,0,0,0,0,0,0,0
45,Rh,Родий,Rhodium,Родий,,5,9,"102,9055","12,41",1966,3727,,,,45,58,45,2,2,6,2,6,10,2,6,8,0,1,0,0,0,0,0,0,0,1,0,0,1,0,0,0,0,0,0,0,0,0,0,0,0,0,0
46,Pd,Палладий,Palladium,Палладий,,5,10,"106,42","12,02",1552,3140,,,,46,60,46,2,2,6,2,6,10,2,6,10,0,0,0,0,0,0,0,0,0,1,0,0,1,0,0,0,0,0,0,0,0,0,0,0,0,0,0
47,Ag,Серебро,Argentum,Аргентум,,5,11,"107,8682","10,49","961,9",2212,,,,47,61,47,2,2,6,2,6,10,2,6,10,0,1,0,0,0,0,0,0,0,1,0,0,1,0,0,0,0,0,1,0,0,0,0,0,0,0,0
48,Cd,Кадмий,Cadmium,Кадмий,,5,12,"112,411","8,64",321,765,,,,48,64,48,2,2,6,2,6,10,2,6,10,0,2,0,0,0,0,0,0,0,1,0,0,1,0,0,0,0,0,0,0,0,0,0,0,0,0,0
49,In,Индий,Indium,Индий,,5,13,"114,818","7,31","156,2",2080,,,,49,66,49,2,2,6,2,6,10,2,6,10,0,2,1,0,0,0,0,0,0,1,0,0,0,0,0,0,0,0,0,0,0,0,0,0,0,0,0
50,Sn,Олово,Stannum,Станнум,,5,14,"118,71","7,29",232,2270,,,,50,69,50,2,2,6,2,6,10,2,6,10,0,2,2,0,0,0,0,0,0,1,0,0,0,0,0,0,0,0,0,0,0,0,0,0,0,0,0
51,Sb,Сурьма,Stibium,Стибиум,,5,15,"121,76","6,69","630,7",1750,,,,51,71,51,2,2,6,2,6,10,2,6,10,0,2,3,0,0,0,0,0,0,1,0,0,0,0,0,0,0,0,0,1,0,0,1,0,0,0,0
52,Te,Теллур,Tellurium,Теллур,,5,16,"127,6","6,25","449,6",990,,,,52,76,52,2,2,6,2,6,10,2,6,10,0,2,4,0,0,0,0,0,0,1,0,0,0,0,0,0,0,0,0,1,1,0,0,1,0,0,0
53,I,Иод,"Iodium, Jodium",Йод,,5,17,"126,90447","4,94","113,5","184,4",,,,53,74,53,2,2,6,2,6,10,2,6,10,0,2,5,0,0,0,0,0,0,0,0,0,0,0,0,0,0,0,0,0,1,0,0,0,1,0,0
54,Xe,Ксенон,Xenon,Ксенон,,5,18,"131,293","4,49 г/л","-111,9",-107,,,,54,77,54,2,2,6,2,6,10,2,6,10,0,2,6,0,0,0,0,0,0,0,0,0,0,0,0,0,0,0,0,0,1,0,0,0,0,1,0
55,Cs,Цезий,Caesium,Цезий,,6,1,"132,9054519","1,90","28,4",690,,,,55,78,55,2,2,6,2,6,10,2,6,10,0,2,6,0,0,1,0,0,0,1,1,0,0,1,0,0,0,0,0,0,0,0,0,0,0,0,0
56,Ba,Барий,Barium,Барий,,6,2,"137,327","3,65",725,1640,,,,56,81,56,2,2,6,2,6,10,2,6,10,0,2,6,0,0,2,0,0,0,1,0,1,0,0,0,0,0,0,0,0,0,0,0,0,0,0,0
57,La,Лантан,Lanthanum,Лантан,,6,6,"138,90547","6,16",920,3454,,,,57,82,57,2,2,6,2,6,10,2,6,10,0,2,6,1,0,2,0,0,0,1,0,0,1,0,0,0,1,0,0,0,0,0,0,0,0,0,1
58,Ce,Церий,Cerium,Церий,,6,6,"140,116","6,77",798,3257,,,,58,82,58,2,2,6,2,6,10,2,6,10,1,2,6,1,0,2,0,0,0,1,0,0,1,0,0,0,1,0,0,0,0,0,0,0,0,0,1
59,Pr,Празеодим,Praseodymium,Празеодим,,6,6,"140,90765","6,48",931,3212,,,,59,82,59,2,2,6,2,6,10,2,6,10,3,2,6,0,0,2,0,0,0,1,0,0,1,0,0,0,1,0,0,0,0,0,0,0,0,0,1
60,Nd,Неодим,Neodymium,Неодим,,6,6,"144,242","7,00",1010,3127,,,,60,84,60,2,2,6,2,6,10,2,6,10,4,2,6,0,0,2,0,0,0,1,0,0,1,0,0,0,1,0,0,0,0,0,0,0,0,0,1
61,Pm,Прометий,Promethium,Прометий,,6,6,"146,9151","7,22",1080,2730,,,,61,86,61,2,2,6,2,6,10,2,6,10,5,2,6,0,0,2,0,0,0,1,0,0,1,0,0,0,1,0,0,0,0,0,0,0,0,0,1
62,Sm,Самарий,Samarium,Самарий,,6,6,"150,36","7,54",1072,1778,,,,62,88,62,2,2,6,2,6,10,2,6,10,6,2,6,0,0,2,0,0,0,1,0,0,1,0,0,0,1,0,0,0,0,0,0,0,0,0,1
63,Eu,Европий,Europium,Европий,,6,6,"151,964","5,25",822,1597,,,,63,89,63,2,2,6,2,6,10,2,6,10,7,2,6,0,0,2,0,0,0,1,0,0,1,0,0,0,1,0,0,0,0,0,0,0,0,0,1
64,Gd,Гадолиний,Gadolinium,Гадолиний,,6,6,"157,25","7,89",1311,3233,,,,64,93,64,2,2,6,2,6,10,2,6,10,7,2,6,1,0,2,0,0,0,1,0,0,1,0,0,1,1,0,0,0,0,0,0,0,0,0,1
65,Tb,Тербий,Terbium,Тербий,,6,6,"158,92535","8,25",1360,3041,,,,65,94,65,2,2,6,2,6,10,2,6,10,9,2,6,0,0,2,0,0,0,1,0,0,1,0,0,1,1,0,0,0,0,1,0,0,0,0,1
66,Dy,Диспрозий,Dysprosium,Диспрозий,,6,6,"162,5","8,56",1409,2335,,,,66,97,66,2,2,6,2,6,10,2,6,10,10,2,6,0,0,2,0,0,0,1,0,0,1,0,0,1,1,0,0,0,0,1,0,0,0,0,1
67,Ho,Гольмий,Holmium,Гольмий,,6,6,"164,93032","8,78",1470,2720,,,,67,98,67,2,2,6,2,6,10,2,6,10,11,2,6,0,0,2,0,0,0,1,0,0,1,0,0,1,1,0,0,0,0,1,0,0,0,0,1
68,Er,Эрбий,Erbium,Эрбий,,6,6,"167,259","9,05",1522,2510,,,,68,99,68,2,2,6,2,6,10,2,6,10,12,2,6,0,0,2,0,0,0,1,0,0,1,0,0,1,1,0,0,0,0,1,0,0,0,0,1
69,Tm,Тулий,Thulium,Тулий,,6,6,"168,93421","9,32",1545,1727,,,,69,100,69,2,2,6,2,6,10,2,6,10,13,2,6,0,0,2,0,0,0,1,0,0,1,0,0,0,1,0,0,0,0,1,0,0,0,0,1
70,Yb,Иттербий,Ytterbium,Иттербий,,6,6,"173,04","6,97",824,1193,,,,70,103,70,2,2,6,2,6,10,2,6,10,14,2,6,0,0,2,0,0,0,1,0,0,1,0,0,0,1,0,0,0,0,0,0,0,0,0,1
71,Lu,Лютеций,Lutetium,Лютеций,,6,3,"174,967","9,84",1656,3315,,,,71,104,71,2,2,6,2,6,10,2,6,10,14,2,6,1,0,2,0,0,0,1,0,0,1,0,0,0,1,0,0,0,0,0,0,0,0,0,1
72,Hf,Гафний,Hafnium,Гафний,,6,4,"178,49","13,31",2150,5400,,,,72,106,72,2,2,6,2,6,10,2,6,10,14,2,6,2,0,2,0,0,0,1,0,0,1,0,0,0,0,0,0,0,0,0,0,0,0,0,0
73,Ta,Тантал,Tantalum,Тантал,,6,5,"180,9479","16,68",2996,5425,,,,73,108,73,2,2,6,2,6,10,2,6,10,14,2,6,3,0,2,0,0,0,1,0,0,1,0,0,0,0,0,0,0,0,0,0,0,0,0,0
74,W,Вольфрам,Wolframium,Вольфрам,,6,6,"183,84","19,26",3407,5927,,,,74,110,74,2,2,6,2,6,10,2,6,10,14,2,6,4,0,2,0,0,0,1,0,0,1,1,0,0,0,0,0,0,0,0,0,0,0,0,0
75,Re,Рений,Rhenium,Рений,,6,7,"186,207","21,03",3180,5873,,,,75,111,75,2,2,6,2,6,10,2,6,10,14,2,6,5,0,2,0,0,0,1,0,0,1,0,0,0,0,0,0,0,0,0,0,0,0,0,0
76,Os,Осмий,Osmium,Осмий,,6,8,"190,23","22,61",3045,5027,,,,76,114,76,2,2,6,2,6,10,2,6,10,14,2,6,6,0,2,0,0,0,1,0,0,1,0,0,0,0,0,0,0,0,0,0,0,0,0,0
77,Ir,Иридий,Iridium,Иридий,,6,9,"192,217","22,65",2410,4130,,,,77,115,77,2,2,6,2,6,10,2,6,10,14,2,6,7,0,2,0,0,0,1,0,0,1,0,0,0,0,0,0,0,0,0,0,0,0,0,0
78,Pt,Платина,Platinum,Платина,,6,10,"195,084","21,45",1772,3827,,,,78,117,78,2,2,6,2,6,10,2,6,10,14,2,6,9,0,1,0,0,0,1,0,0,1,0,0,0,0,0,0,0,0,0,0,0,0,0,0
79,Au,Золото,Aurum,Аурум,,6,11,"196,966569","19,32","1064,4",2940,,,,79,118,79,2,2,6,2,6,10,2,6,10,14,2,6,10,0,1,0,0,0,1,0,0,1,0,0,0,0,0,1,0,0,0,0,0,0,0,0
80,Hg,Ртуть,Hydrargyrum,Гидраргирум,,6,12,"200,59","13,55","-38,9","356,6",,,,80,121,80,2,2,6,2,6,10,2,6,10,14,2,6,10,0,2,0,0,0,1,0,0,1,0,0,0,0,0,0,0,0,0,0,0,0,0,0
81,Tl,Таллий,Thallium,Таллий,,6,13,"204,3833","11,85","303,6",1457,,,,81,123,81,2,2,6,2,6,10,2,6,10,14,2,6,10,0,2,1,0,0,1,0,0,0,0,0,0,0,0,0,0,0,0,0,0,0,0,0
82,Pb,Свинец,Plumbum,Плюмбум,,6,14,"207,2","11,34","327,5",1740,,,,82,125,82,2,2,6,2,6,10,2,6,10,14,2,6,10,0,2,2,0,0,1,0,0,0,0,0,0,0,0,0,0,0,0,0,0,0,0,0
83,Bi,Висмут,Bismuthum,Висмут,,6,15,"208,9804","9,80","271,4",1560,,,,83,126,83,2,2,6,2,6,10,2,6,10,14,2,6,10,0,2,3,0,0,1,0,0,0,0,0,0,0,0,1,0,0,0,1,0,0,0,0
84,Po,Полоний,Polonium,Полоний,,6,16,"208,9824","9,20",254,962,,,,84,125,84,2,2,6,2,6,10,2,6,10,14,2,6,10,0,2,4,0,0,1,0,0,0,0,0,0,0,0,0,1,0,0,0,1,0,0,0
85,At,Астат,Astatum,Астат,,6,17,"209,9871",,302,337,,,,85,125,85,2,2,6,2,6,10,2,6,10,14,2,6,10,0,2,5,0,0,0,0,0,0,0,0,0,0,0,0,0,1,0,0,0,1,0,0
86,Rn,Радон,Radon,Радон,,6,18,"222,0176","9,23 г/л",-71,"-61,8",,,,86,136,86,2,2,6,2,6,10,2,6,10,14,2,6,10,0,2,6,0,0,0,0,0,0,0,0,0,0,0,0,0,1,0,0,0,0,1,0
87,Fr,Франций,Francium,Франций,,7,1,"223,0197","1,87",27,677,,,,87,136,87,2,2,6,2,6,10,2,6,10,14,2,6,10,0,2,6,0,1,1,1,0,0,0,0,0,0,0,0,0,0,0,0,0,0,0,0
88,Ra,Радий,Radium,Радий,,7,2,"226,0254","5,50",700,1140,,,,88,138,88,2,2,6,2,6,10,2,6,10,14,2,6,10,0,2,6,0,2,1,0,1,0,0,0,0,0,0,0,0,0,0,0,0,0,0,0
89,Ac,Актиний,Actinium,Актиний,,7,7,"227,0278","10,07",1047,3197,,,,89,138,89,2,2,6,2,6,10,2,6,10,14,2,6,10,0,2,6,1,2,1,0,0,1,0,0,0,0,1,0,0,0,0,0,0,0,0,0
90,Th,Торий,Thorium,Торий,,7,7,"232,03806","11,72",1750,4787,,,,90,142,90,2,2,6,2,6,10,2,6,10,14,2,6,10,0,2,6,2,2,1,0,0,1,0,0,0,0,1,0,0,0,0,0,0,0,0,0
91,Pa,Протактиний,Protactinium,Протактиний,,7,7,"231,03588","15,37",1554,4030,,,,91,140,91,2,2,6,2,6,10,2,6,10,14,2,6,10,2,2,6,1,2,1,0,0,1,0,0,0,0,1,0,0,0,0,0,0,0,0,0
92,U,Уран,Uranium,Уран,,7,7,"238,02891","18,97","1132,4",3818,,,,92,146,92,2,2,6,2,6,10,2,6,10,14,2,6,10,3,2,6,1,2,1,0,0,1,0,0,0,0,1,0,0,0,0,0,0,0,0,0
93,Np,Нептуний,Neptunium,Нептуний,,7,7,"237,0482","20,48",640,3902,,,,93,144,93,2,2,6,2,6,10,2,6,10,14,2,6,10,4,2,6,1,2,1,0,0,1,0,0,0,0,1,0,0,0,0,0,0,0,0,0
94,Pu,Плутоний,Plutonium,Плутоний,,7,7,"244,0642","19,74",641,3327,,,,94,150,94,2,2,6,2,6,10,2,6,10,14,2,6,10,5,2,6,0,2,1,0,0,1,0,0,0,0,1,0,0,0,0,0,0,0,0,0
95,Am,Америций,Americium,Америций,,7,7,"243,0614","13,67",994,2607,,,,95,148,95,2,2,6,2,6,10,2,6,10,14,2,6,10,6,2,6,0,2,1,0,0,1,0,0,0,0,1,0,0,0,0,0,0,0,0,0
96,Cm,Кюрий,Curium,Кюрий,,7,7,"247,0703","13,51",1340,,,,,96,151,96,2,2,6,2,6,10,2,6,10,14,2,6,10,7,2,6,1,2,1,0,0,1,0,0,0,0,1,0,0,0,0,0,0,0,0,0
97,Bk,Берклий,Berkelium,Берклий,,7,7,"247,0703","13,25",986,,,,,97,150,97,2,2,6,2,6,10,2,6,10,14,2,6,10,7,2,6,1,2,1,0,0,1,0,0,0,0,1,0,0,0,0,0,0,0,0,0
98,Cf,Калифорний,Californium,Калифорний,,7,7,"251,0796","15,1",900,,,,,98,153,98,2,2,6,2,6,10,2,6,10,14,2,6,10,8,2,6,0,2,1,0,0,1,0,0,0,0,1,0,0,0,0,0,0,0,0,0
99,Es,Эйнштейний,Einsteinium,Эйнштейний,,7,7,"252,0829","13,5",860,,,,,99,153,99,2,2,6,2,6,10,2,6,10,14,2,6,10,10,2,6,0,2,1,0,0,1,0,0,0,0,1,0,0,0,0,0,0,0,0,0
100,Fm,Фермий,Fermium,Фермий,,7,7,"257,0951",,,,,,,100,157,100,2,2,6,2,6,10,2,6,10,14,2,6,10,11,2,6,0,2,1,0,0,1,0,0,0,0,1,0,0,0,0,0,0,0,0,0
101,Md,Менделевий,"Mendelevium,
Mendeleevium",Менделевий,,7,7,"258,0986",,,,,,,101,157,101,2,2,6,2,6,10,2,6,10,14,2,6,10,12,2,6,0,2,1,0,0,1,0,0,0,0,1,0,0,0,0,0,0,0,0,0
102,No,Нобелий,Nobelium,Нобелий,,7,7,"259,1009",,,,,,,102,157,102,2,2,6,2,6,10,2,6,10,14,2,6,10,13,2,6,0,2,1,0,0,1,0,0,0,0,1,0,0,0,0,0,0,0,0,0
103,Lr,Лоуренсий,"Lawrencium,
Laurentium",Лоуренсий,,7,3,262,,,,,,,103,159,103,2,2,6,2,6,10,2,6,10,14,2,6,10,14,2,6,1,2,1,0,0,1,0,0,0,0,1,0,0,0,0,0,0,0,0,0
104,Rf,Резерфордий,Rutherfordium,Резерфордий,,7,4,267,23,,,,,,104,163,104,2,2,6,2,6,10,2,6,10,14,2,6,10,14,2,6,0,2,0,0,0,1,0,0,0,0,0,0,0,0,0,0,0,0,0,0
105,Db,Дубний,Dubnium,Дубний,,7,5,268,29,,,,,,105,163,105,2,2,6,2,6,10,2,6,10,14,2,6,10,14,2,6,0,2,0,0,0,1,0,0,0,0,0,0,0,0,0,0,0,0,0,0
106,Sg,Сиборгий,Seaborgium,Сиборгий,,7,6,271,35,,,,,,106,165,106,2,2,6,2,6,10,2,6,10,14,2,6,10,14,2,6,0,2,0,0,0,1,0,0,0,0,0,0,0,0,0,0,0,0,0,0
107,Bh,Борий,Bohrium,Борий,,7,7,270,37,,,,,,107,163,107,2,2,6,2,6,10,2,6,10,14,2,6,10,14,2,6,0,2,0,0,0,1,0,0,0,0,0,0,0,0,0,0,0,0,0,0
108,Hs,Хассий,Hassium,Гассий,,7,8,269,,,,,,,108,161,108,2,2,6,2,6,10,2,6,10,14,2,6,10,14,2,6,0,2,0,0,0,1,0,0,0,0,0,0,0,0,0,0,0,0,0,0
109,Mt,Мейтнерий,Meitnerium,Мейтнерий,,7,9,278,"37,4",,,,,,109,169,109,2,2,6,2,6,10,2,6,10,14,2,6,10,14,2,6,0,2,0,0,0,1,0,0,0,0,0,0,0,0,0,0,0,0,0,0
110,Ds,Дармштадтий,Darmstadtium,Дармштадтий,,7,10,281,,,,,,,110,171,110,2,2,6,2,6,10,2,6,10,14,2,6,10,14,2,6,0,2,0,0,0,1,0,0,0,0,0,0,0,0,0,0,0,0,0,0
111,Rg,Рентгений,Roentgenium,Рентгений,,7,11,281,,,,,,,111,170,111,2,2,6,2,6,10,2,6,10,14,2,6,10,14,2,6,0,2,0,0,0,1,0,0,0,0,0,0,0,0,0,0,0,0,0,0
112,Cn,Коперниций,Copernicium,Коперниций,,7,12,285,,,,,,,112,173,112,2,2,6,2,6,10,2,6,10,14,2,6,10,14,2,6,0,2,0,0,0,1,0,0,0,0,0,0,0,0,0,0,0,0,0,0
113,Uut,Унунтрий,Ununtrium,Унунтрий,,7,13,284,,,,,,,113,171,113,2,2,6,2,6,10,2,6,10,14,2,6,10,14,2,6,0,2,0,0,0,0,0,0,0,0,0,0,0,0,0,0,0,0,0,0
114,Fl,Флеровий,Flerovium,Флеровий,,7,14,289,,,,,,,114,175,114,2,2,6,2,6,10,2,6,10,14,2,6,10,14,2,6,0,2,0,0,0,0,0,0,0,0,0,0,0,0,0,0,0,0,0,0
115,Uup,Унунпентий,Ununpentium,Унунпентий,,7,15,289,,,,,,,115,174,115,2,2,6,2,6,10,2,6,10,14,2,6,10,14,2,6,0,2,0,0,0,0,0,0,0,0,0,0,0,0,0,0,0,0,0,0
116,Lv,Ливерморий,Livermorium,Ливерморий,,7,16,292,,,,,,,116,176,116,2,2,6,2,6,10,2,6,10,14,2,6,10,14,2,6,0,2,0,0,0,0,0,0,0,0,0,0,0,0,0,0,0,0,0,0
117,Uus,Унунсептий,Ununseptium,Унунсептий,,7,17,294,,,,,,,117,177,117,2,2,6,2,6,10,2,6,10,14,2,6,10,14,2,6,0,2,0,0,0,0,0,0,0,0,0,0,0,0,0,0,0,0,0,0
118,Uuo,Унуноктий,Ununoctium,Унуноктий,,7,18,294,,,,,,,118,176,118,2,2,6,2,6,10,2,6,10,14,2,6,10,14,2,6,0,2,0,0,0,0,0,0,0,0,0,0,0,0,0,0,0,0,0,0